Project: Harmful Algal Blooms,,,,,,,,,,,,,,,,,,,,,,,,,,,,,
Calibrated: No,,,,,,,,,,,,,,,,,,,,,,,,,,,,,
Requested start: 2011-10-05 13:00:00,,,,,,,,,,,,,,,,,,,,,,,,,,,,,
Requested end: 2018-07-19 22:49:00,,,,,,,,,,,,,,,,,,,,,,,,,,,,,
"Request time: Thu, 19 Jul 2018 22:49:35 +0000",,,,,,,,,,,,,,,,,,,,,,,,,,,,,
Other Notes: All times provided in UTC,,,,,,,,,,,,,,,,,,,,,,,,,,,,,
,,,,,,,,,,,,,,,,,,,,,,,,,,,,,
year,month,day,time,latitude,longitude,depth (m),location,Akashiwo sanguinea (cells/L),Alexandrium spp. (cells/L),Ammonia (uM),Chlorophyll (mg/m3),Chlorophyll 1 (mg/m3),Chlorophyll 2 (mg/m3),DA Volume Filtered (mL),Dinophysis spp. (cells/L),Domoic Acid (ng/mL),Lingulodinium polyedrum (cells/L),Nitrate (uM),Nitrite (uM),Phaeophytin (mg/m3),Phaeophytin 1 (mg/m3),Phaeophytin 2 (mg/m3),Phosphate (uM),Prorocentrum spp. (cells/L),Pseudo-nitzschia delicatissima group (cells/L),Pseudo-nitzschia seriata group (cells/L),Silicate (uM),Volume Settled for counting (mL),Water Temperature (°C)
2011,10,5,13:00:00,36.958,-122.017,0,Santa Cruz Wharf,NaN,880,1.76,5.21,5.27,5.16,250,980,0.92,NaN,2,NaN,NaN,NaN,NaN,0.7,NaN,NaN,47200,9.8,NaN,15.1
2011,10,12,12:55:00,36.958,-122.017,0,Santa Cruz Wharf,NaN,0,3.85,3.45,3.52,3.38,250,160,0.06,NaN,2.51,NaN,NaN,NaN,NaN,1.07,NaN,NaN,0,18.54,NaN,15.4
2011,10,19,13:09:00,36.958,-122.017,0,Santa Cruz Wharf,NaN,20,1.74,13.05,12.94,13.15,250,18900,0.26,NaN,5.81,NaN,NaN,NaN,NaN,0.85,NaN,NaN,13450,16.35,NaN,17.2
2011,10,26,14:10:00,36.958,-122.017,0,Santa Cruz Wharf,NaN,760,4.55,5.9,5.97,5.82,250,0,0.05,NaN,5.86,NaN,NaN,NaN,NaN,1.37,NaN,NaN,900,17.21,NaN,13.5
2011,11,2,13:35:00,36.958,-122.017,0,Santa Cruz Wharf,NaN,50,3.77,4.43,4.49,4.38,250,0,0.05,NaN,5.42,NaN,NaN,NaN,NaN,1.49,NaN,NaN,2600,21.63,NaN,12.3
2011,11,9,16:50:00,36.958,-122.017,0,Santa Cruz Wharf,NaN,1490,1.55,13.93,14.14,13.72,250,130,3.81,NaN,6.13,NaN,NaN,NaN,NaN,1.11,NaN,NaN,153850,19.68,NaN,12.1
2011,11,16,16:06:00,36.958,-122.017,0,Santa Cruz Wharf,NaN,7066.67,0.24,48.55,47.82,49.29,100,83,0,NaN,0.49,NaN,NaN,NaN,NaN,1.45,NaN,NaN,250,19.45,NaN,11.3
2011,11,23,15:45:00,36.958,-122.017,0,Santa Cruz Wharf,NaN,2360,0.11,52.85,48.86,56.84,100,100,3.13,NaN,0.07,NaN,NaN,NaN,NaN,0.75,NaN,NaN,81200,15.61,NaN,11.3
2011,11,30,15:45:00,36.958,-122.017,0,Santa Cruz Wharf,NaN,820,0.13,53.27,51.59,54.95,100,80,0.8,NaN,0.21,NaN,NaN,NaN,NaN,0.65,NaN,NaN,25350,18.22,NaN,11.5
2011,12,7,15:35:00,36.958,-122.017,0,Santa Cruz Wharf,NaN,1720,0.51,42.45,42.7,42.21,100,140,0.09,NaN,0.94,NaN,NaN,NaN,NaN,0.76,NaN,NaN,5050,18.8,NaN,10.2
2011,12,14,16:50:00,36.958,-122.017,0,Santa Cruz Wharf,NaN,80,4.92,2.1,2.24,1.97,250,10,0.54,NaN,2.35,NaN,NaN,NaN,NaN,1.13,NaN,NaN,27200,16.36,NaN,10.7
2011,12,21,16:34:00,36.958,-122.017,0,Santa Cruz Wharf,NaN,270,2.57,1.57,1.7,1.44,250,30,0,NaN,5.38,NaN,NaN,NaN,NaN,0.86,NaN,NaN,0,9.87,NaN,11.1
2012,1,4,16:55:00,36.958,-122.017,0,Santa Cruz Wharf,NaN,0,2.46,1.6,1.59,1.61,250,0,0,NaN,10.14,NaN,NaN,NaN,NaN,1.27,NaN,NaN,0,16.09,NaN,11.2
2012,1,11,16:35:00,36.958,-122.017,0,Santa Cruz Wharf,NaN,10,2.11,2.85,2.86,2.85,250,60,0,NaN,10.04,NaN,NaN,NaN,NaN,1.25,NaN,NaN,0,17.93,NaN,10.4
2012,1,18,16:30:00,36.958,-122.017,0,Santa Cruz Wharf,NaN,0,2.97,1.47,1.45,1.48,250,90,0,NaN,9.48,NaN,NaN,NaN,NaN,1.29,NaN,NaN,0,20.91,NaN,9.7
2012,1,25,16:36:00,36.958,-122.017,0,Santa Cruz Wharf,NaN,0,2.37,1.5,1.56,1.44,250,90,0,NaN,7.84,NaN,NaN,NaN,NaN,1.18,NaN,NaN,0,18.2,NaN,10.9
2012,2,1,15:50:00,36.958,-122.017,0,Santa Cruz Wharf,NaN,0,2.28,2.83,3.21,2.46,250,20,0,NaN,7.81,NaN,NaN,NaN,NaN,1.34,NaN,NaN,0,18.39,NaN,11.4
2012,2,8,15:50:00,36.958,-122.017,0,Santa Cruz Wharf,NaN,0,1.6,3.66,3.55,3.77,250,0,0,NaN,5.7,NaN,NaN,NaN,NaN,1.16,NaN,NaN,0,12.55,NaN,11.1
2012,2,15,15:50:00,36.958,-122.017,0,Santa Cruz Wharf,NaN,0,2.2,1.7,1.63,1.78,250,10,0,NaN,9.51,NaN,NaN,NaN,NaN,1.41,NaN,NaN,0,16.58,NaN,10.1
2012,2,22,16:03:00,36.958,-122.017,0,Santa Cruz Wharf,NaN,0,1.79,2.94,2.93,2.95,250,0,0,NaN,10,NaN,NaN,NaN,NaN,1.49,NaN,NaN,0,19.37,NaN,10.7
2012,2,29,16:17:00,36.958,-122.017,0,Santa Cruz Wharf,NaN,0,1.03,4.36,4.38,4.34,250,0,0,NaN,14.32,NaN,NaN,NaN,NaN,1.62,NaN,NaN,0,24.44,NaN,10.2
2012,3,7,16:20:00,36.958,-122.017,0,Santa Cruz Wharf,NaN,0,2.16,3.36,3.21,3.51,250,20,0,NaN,18.93,NaN,NaN,NaN,NaN,2.15,NaN,NaN,0,31.42,NaN,8.8
2012,3,14,15:20:00,36.958,-122.017,0,Santa Cruz Wharf,NaN,0,1.42,8.01,7.77,8.26,250,20,0,NaN,4.37,NaN,NaN,NaN,NaN,1.43,NaN,NaN,0,38.52,NaN,10.7
2012,3,21,15:25:00,36.958,-122.017,0,Santa Cruz Wharf,NaN,0,1.93,2.86,3,2.72,250,200,0,NaN,9.42,NaN,NaN,NaN,NaN,1.55,NaN,NaN,0,23.84,NaN,11.1
2012,3,28,15:30:00,36.958,-122.017,0,Santa Cruz Wharf,NaN,0,1.36,4.99,4.97,5.01,250,40,0,NaN,10.36,NaN,NaN,NaN,NaN,1.62,NaN,NaN,0,29.12,NaN,11.2
2012,4,4,14:28:00,36.958,-122.017,0,Santa Cruz Wharf,NaN,0,2.81,6.79,6.68,6.89,250,NaN,0,NaN,12.15,NaN,NaN,NaN,NaN,1.52,NaN,NaN,0,22.72,NaN,10.5
2012,4,11,15:52:00,36.958,-122.017,0,Santa Cruz Wharf,NaN,0,1.44,6.08,6.36,5.79,250,0,0,NaN,8.63,NaN,NaN,NaN,NaN,1.26,NaN,NaN,0,21,NaN,11.2
2012,4,18,15:01:00,36.958,-122.017,0,Santa Cruz Wharf,NaN,0,1.11,10.29,9.94,10.64,250,50,0.01,NaN,0.76,NaN,NaN,NaN,NaN,0.82,NaN,NaN,1450,2.96,NaN,11.2
2012,4,25,15:09:00,36.958,-122.017,0,Santa Cruz Wharf,NaN,0,0.99,6.21,5.94,6.48,250,80,0.08,NaN,2.34,NaN,NaN,NaN,NaN,0.89,NaN,NaN,10850,17.17,NaN,12.7
2012,5,2,14:25:00,36.958,-122.017,0,Santa Cruz Wharf,NaN,0,1.63,13.75,12.18,15.33,250,70,0.48,NaN,0.58,NaN,NaN,NaN,NaN,0.82,NaN,NaN,59350,13.57,NaN,11.5
2012,5,9,14:55:00,36.958,-122.017,0,Santa Cruz Wharf,NaN,0,0.95,6,6.09,5.91,250,0,0.02,NaN,0,NaN,NaN,NaN,NaN,0.23,NaN,NaN,24200,0.48,NaN,12.6
2012,5,16,14:32:00,36.958,-122.017,0,Santa Cruz Wharf,NaN,0,0.21,2.67,2.81,2.53,250,60,0.23,NaN,0.26,NaN,NaN,NaN,NaN,0.46,NaN,NaN,13500,9.47,NaN,12.9
2012,5,23,14:36:00,36.958,-122.017,0,Santa Cruz Wharf,NaN,0,0.03,15.29,13.16,17.43,250,20,0.17,NaN,0.84,NaN,NaN,NaN,NaN,0.69,NaN,NaN,124450,0.97,NaN,13.1
2012,5,30,14:58:00,36.958,-122.017,0,Santa Cruz Wharf,NaN,0,1.05,4.62,4.68,4.55,250,30,0.36,NaN,22.86,NaN,NaN,NaN,NaN,3.21,NaN,NaN,52800,34.67,NaN,11.9
2012,6,6,14:00:00,36.958,-122.017,0,Santa Cruz Wharf,NaN,0,5.97,6.78,6.77,6.8,250,NaN,0.16,NaN,3.36,NaN,NaN,NaN,NaN,1.1,NaN,NaN,27800,9.78,NaN,9.4
2012,6,13,14:58:00,36.958,-122.017,0,Santa Cruz Wharf,NaN,0,0.07,7.21,7.2,7.23,250,70,0.06,NaN,0,NaN,NaN,NaN,NaN,0.13,NaN,NaN,2000,2.7,NaN,14.1
2012,6,20,15:19:00,36.958,-122.017,0,Santa Cruz Wharf,NaN,0,0.2,3.24,3.35,3.14,250,310,0,NaN,0.96,NaN,NaN,NaN,NaN,0.5,NaN,NaN,0,10.1,NaN,12.9
2012,6,27,14:30:00,36.958,-122.017,0,Santa Cruz Wharf,NaN,0,1.58,3.28,3.39,3.16,250,720,0.02,NaN,1.59,NaN,NaN,NaN,NaN,0.56,NaN,NaN,0,4.21,NaN,14.7
2012,7,3,15:00:00,36.958,-122.017,0,Santa Cruz Wharf,NaN,0,0.46,12.38,13.5,11.26,250,460,0.02,NaN,1.18,NaN,NaN,NaN,NaN,0.51,NaN,NaN,800,4.57,NaN,15.8
2012,7,11,16:00:00,36.958,-122.017,0,Santa Cruz Wharf,NaN,0,0.73,5.13,5.29,4.98,250,360,0.04,NaN,0.45,NaN,NaN,NaN,NaN,0.44,NaN,NaN,350,6.17,NaN,14.8
2012,7,18,15:05:00,36.958,-122.017,0,Santa Cruz Wharf,NaN,0,0.91,4.2,4.08,4.32,250,860,0,NaN,0.38,NaN,NaN,NaN,NaN,0.51,NaN,NaN,0,9.19,NaN,14.2
2012,7,26,15:30:00,36.958,-122.017,0,Santa Cruz Wharf,NaN,0,2.03,6.32,6.11,6.53,250,850,0.01,NaN,2.6,NaN,NaN,NaN,NaN,1.09,NaN,NaN,0,9.91,NaN,13.8
2012,8,1,16:00:00,36.958,-122.017,0,Santa Cruz Wharf,NaN,0,0.76,4.65,4.66,4.64,250,4340,0.51,NaN,0.62,NaN,NaN,NaN,NaN,0.47,NaN,NaN,206700,4.6,NaN,15.4
2012,8,8,15:00:00,36.958,-122.017,0,Santa Cruz Wharf,NaN,0,3.1,2.48,2.54,2.42,250,490,1.69,NaN,1.13,NaN,NaN,NaN,NaN,1.17,NaN,NaN,36450,8.41,NaN,15.7
2012,8,15,15:00:00,36.958,-122.017,0,Santa Cruz Wharf,NaN,0,0.7,8.44,8.19,8.68,250,2360,9.36,NaN,0.7,NaN,NaN,NaN,NaN,0.55,NaN,NaN,275300,8.29,NaN,14.2
2012,8,22,15:30:00,36.958,-122.017,0,Santa Cruz Wharf,NaN,0,1.04,2.6,2.72,2.48,250,490,2.77,NaN,0.19,NaN,NaN,NaN,NaN,0.53,NaN,NaN,127500,3.03,NaN,15.5
2012,8,29,15:30:00,36.958,-122.017,0,Santa Cruz Wharf,NaN,0,0.37,4.62,4.87,4.38,250,1200,0.01,NaN,1.2,NaN,NaN,NaN,NaN,0.43,NaN,NaN,750,3.31,NaN,14.9
2012,9,5,15:00:00,36.958,-122.017,0,Santa Cruz Wharf,NaN,0,0.71,3.88,4.08,3.68,250,NaN,0,NaN,0.79,NaN,NaN,NaN,NaN,0.54,NaN,NaN,0,4.13,NaN,14.5
2012,9,12,15:30:00,36.958,-122.017,0,Santa Cruz Wharf,NaN,0,0.8,9.67,9.18,10.16,250,NaN,0,NaN,0.7,NaN,NaN,NaN,NaN,0.65,NaN,NaN,0,6.03,NaN,14.9
2012,9,19,15:30:00,36.958,-122.017,0,Santa Cruz Wharf,NaN,0,1.22,8.75,8.82,8.68,250,1690,0.06,NaN,0.15,NaN,NaN,NaN,NaN,0.69,NaN,NaN,31250,6.58,NaN,14.4
2012,9,26,15:30:00,36.958,-122.017,0,Santa Cruz Wharf,NaN,0,2.56,7.38,7.14,7.63,250,2400,0.01,NaN,0.48,NaN,NaN,NaN,NaN,1,NaN,NaN,0,13.1,NaN,14.7
2012,10,3,16:00:00,36.958,-122.017,0,Santa Cruz Wharf,NaN,40,2.08,6.42,6.23,6.61,250,NaN,0,NaN,0.24,NaN,NaN,NaN,NaN,0.92,NaN,NaN,0,13.66,NaN,15.7
2012,10,10,15:30:00,36.958,-122.017,0,Santa Cruz Wharf,NaN,0,0.76,11.65,11.69,11.62,250,NaN,0.06,NaN,0,NaN,NaN,NaN,NaN,0.73,NaN,NaN,0,15.01,NaN,15
2012,10,17,15:00:00,36.958,-122.017,0,Santa Cruz Wharf,NaN,0,4.12,2.57,2.28,2.86,250,NaN,0,NaN,0.82,NaN,NaN,NaN,NaN,1.19,NaN,NaN,0,13.78,NaN,15.6
2012,10,24,15:30:00,36.958,-122.017,0,Santa Cruz Wharf,NaN,0,4.3,3.12,3.06,3.17,250,0,0.03,NaN,0.25,NaN,NaN,NaN,NaN,1.31,NaN,NaN,0,19.38,NaN,14.2
2012,10,31,15:30:00,36.958,-122.017,0,Santa Cruz Wharf,NaN,0,2.31,3.39,3.3,3.49,250,0,0.11,NaN,0.47,NaN,NaN,NaN,NaN,1.2,NaN,NaN,14950,22.96,NaN,14.5
2012,11,7,16:30:00,36.958,-122.017,0,Santa Cruz Wharf,NaN,0,3.1,3.84,3.64,4.05,250,NaN,0.02,NaN,2.25,NaN,NaN,NaN,NaN,1.4,NaN,NaN,0,14.7,NaN,14.5
2012,11,14,16:30:00,36.958,-122.017,0,Santa Cruz Wharf,NaN,0,0.24,30.34,30.03,30.66,250,NaN,0.02,NaN,0,NaN,NaN,NaN,NaN,0.82,NaN,NaN,1350,17.68,NaN,12.6
2012,11,21,16:30:00,36.958,-122.017,0,Santa Cruz Wharf,NaN,0,3.76,6.57,6.96,6.18,250,1000,0.06,NaN,0.78,NaN,NaN,NaN,NaN,1.22,NaN,NaN,3850,10.44,NaN,14.1
2012,11,28,16:15:00,36.958,-122.017,0,Santa Cruz Wharf,NaN,0,2.09,16.73,16.59,16.87,250,900,0,NaN,0.21,NaN,NaN,NaN,NaN,1.39,NaN,NaN,0,12.4,NaN,13.7
2012,12,5,16:15:00,36.958,-122.017,0,Santa Cruz Wharf,NaN,0,3,5.66,6.21,5.1,250,50,0,NaN,6.41,NaN,NaN,NaN,NaN,1.59,NaN,NaN,0,30.05,NaN,14.3
2012,12,12,16:30:00,36.958,-122.017,0,Santa Cruz Wharf,NaN,0,4.71,2.21,2.25,2.17,250,10,0,NaN,3.59,NaN,NaN,NaN,NaN,1.79,NaN,NaN,0,12.08,NaN,13.4
2012,12,19,16:45:00,36.958,-122.017,0,Santa Cruz Wharf,NaN,0,4.12,2.42,2.35,2.49,250,0,0,NaN,6.7,NaN,NaN,NaN,NaN,2.02,NaN,NaN,0,15.9,NaN,11.2
2013,1,9,16:15:00,36.958,-122.017,0,Santa Cruz Wharf,NaN,0,1.55,2.56,2.67,2.46,250,0,0,NaN,9.12,NaN,NaN,NaN,NaN,1.56,NaN,NaN,0,18.15,NaN,11.1
2013,1,16,16:00:00,36.958,-122.017,0,Santa Cruz Wharf,NaN,0,1.69,12.43,12.88,11.97,250,20,0,NaN,9.64,NaN,NaN,NaN,NaN,1.52,NaN,NaN,0,14.15,NaN,9.2
2013,1,23,16:15:00,36.958,-122.017,0,Santa Cruz Wharf,NaN,150,2.06,3.26,3.45,3.07,250,40,0,NaN,1.59,NaN,NaN,NaN,NaN,1.01,NaN,NaN,0,3.7,NaN,10.5
2013,1,30,16:00:00,36.958,-122.017,0,Santa Cruz Wharf,NaN,120,4.35,1.2,1.2,1.2,250,20,0,NaN,7.42,NaN,NaN,NaN,NaN,1.66,NaN,NaN,0,10.5,NaN,10.5
2013,2,6,16:15:00,36.958,-122.017,0,Santa Cruz Wharf,NaN,480,2.81,3.47,3.4,3.54,250,70,0,NaN,7.63,NaN,NaN,NaN,NaN,1.46,NaN,NaN,0,9.68,NaN,10.7
2013,2,13,16:30:00,36.958,-122.017,0,Santa Cruz Wharf,NaN,0,2.56,6.26,6.52,6.01,250,0,0,NaN,6.83,NaN,NaN,NaN,NaN,1.57,NaN,NaN,0,10.65,NaN,10.7
2013,2,20,17:30:00,36.958,-122.017,0,Santa Cruz Wharf,NaN,0,3.45,6.85,7.07,6.63,250,10,0,NaN,3.5,NaN,NaN,NaN,NaN,1.72,NaN,NaN,750,7.79,NaN,10.7
2013,2,27,16:30:00,36.958,-122.017,0,Santa Cruz Wharf,NaN,240,1.21,9.55,9.17,9.94,250,60,0,NaN,0.41,NaN,NaN,NaN,NaN,0.89,NaN,NaN,200,4.17,NaN,10.9
2013,3,6,16:30:00,36.958,-122.017,0,Santa Cruz Wharf,NaN,0,1.02,14,14.28,13.72,250,20,0,NaN,0.91,NaN,NaN,NaN,NaN,0.97,NaN,NaN,1000,4.21,NaN,11
2013,3,13,16:00:00,36.958,-122.017,0,Santa Cruz Wharf,NaN,0,0.88,2.82,2.7,2.94,250,280,0,NaN,0.09,NaN,NaN,NaN,NaN,0.8,NaN,NaN,400,9.66,NaN,11.9
2013,3,20,15:30:00,36.958,-122.017,0,Santa Cruz Wharf,NaN,270,2.04,6.27,6.24,6.3,250,NaN,0,NaN,1.39,NaN,NaN,NaN,NaN,1.19,NaN,NaN,200,5.21,NaN,11.8
2013,3,27,15:30:00,36.958,-122.017,0,Santa Cruz Wharf,NaN,70,0.76,7.14,7,7.28,250,160,0,NaN,0.35,NaN,NaN,NaN,NaN,0.62,NaN,NaN,0,4.53,NaN,11.8
2013,4,3,16:00:00,36.958,-122.017,0,Santa Cruz Wharf,NaN,0,1.85,5.8,5.8,5.8,250,NaN,0,NaN,0.86,NaN,NaN,NaN,NaN,0.92,NaN,NaN,0,11.3,NaN,12.7
2013,4,10,16:00:00,36.958,-122.017,0,Santa Cruz Wharf,NaN,0,3.14,2.98,3.21,2.74,250,NaN,0,NaN,12.8,NaN,NaN,NaN,NaN,2.13,NaN,NaN,0,29.12,NaN,11.3
2013,4,17,15:30:00,36.958,-122.017,0,Santa Cruz Wharf,NaN,0,1.37,15.44,16.17,14.7,250,NaN,0,NaN,14.5,NaN,NaN,NaN,NaN,1.77,NaN,NaN,2350,26.52,NaN,9.9
2013,4,24,15:30:00,36.958,-122.017,0,Santa Cruz Wharf,NaN,0,0.93,9.55,10.08,9.03,250,NaN,0,NaN,1.03,NaN,NaN,NaN,NaN,0.52,NaN,NaN,0,2.39,NaN,12.3
2013,5,1,15:15:00,36.958,-122.017,0,Santa Cruz Wharf,NaN,0,0.92,16.14,16.8,15.47,250,NaN,0.01,NaN,0.87,NaN,NaN,NaN,NaN,0.39,NaN,NaN,350,1.8,NaN,13
2013,5,8,17:30:00,36.958,-122.017,0,Santa Cruz Wharf,NaN,0,1.4,14.11,13.93,14.28,250,90,0,NaN,6.2,NaN,NaN,NaN,NaN,0.79,NaN,NaN,2100,8.94,NaN,13.2
2013,5,15,15:30:00,36.958,-122.017,0,Santa Cruz Wharf,NaN,40,0.56,6.2,6.24,6.15,250,1790,0,NaN,0.3,NaN,NaN,NaN,NaN,0.31,NaN,NaN,0,2.94,NaN,14.9
2013,5,22,16:30:00,36.958,-122.017,0,Santa Cruz Wharf,NaN,0,4.03,10.57,10.43,10.71,250,0,0,NaN,16.89,NaN,NaN,NaN,NaN,1.39,NaN,NaN,1050,24.26,NaN,11.3
2013,5,29,15:30:00,36.958,-122.017,0,Santa Cruz Wharf,NaN,0,0.29,16.41,15.89,16.94,250,NaN,0,NaN,0.16,NaN,NaN,NaN,NaN,0.27,NaN,NaN,0,1.11,NaN,13.8
2013,6,5,15:30:00,36.958,-122.017,0,Santa Cruz Wharf,NaN,0,5.77,15.29,15.75,14.84,250,NaN,0,NaN,7.45,NaN,NaN,NaN,NaN,1.27,NaN,NaN,400,14.91,NaN,12.1
2013,6,12,15:00:00,36.958,-122.017,0,Santa Cruz Wharf,NaN,0,5.12,6.88,6.62,7.14,250,534,0,NaN,3.31,NaN,NaN,NaN,NaN,1.02,NaN,NaN,0,9.63,NaN,13.3
2013,6,26,15:30:00,36.958,-122.017,0,Santa Cruz Wharf,NaN,0,8.57,6.25,6.26,6.24,250,NaN,0,NaN,3.75,NaN,NaN,NaN,NaN,0.99,NaN,NaN,0,9.35,NaN,15.1
2013,7,3,15:30:00,36.958,-122.017,0,Santa Cruz Wharf,NaN,0,0.28,4.67,4.17,5.17,250,2110,0.02,NaN,1.04,NaN,NaN,NaN,NaN,0.3,NaN,NaN,350,0.33,NaN,15.5
2013,7,10,15:30:00,36.958,-122.017,0,Santa Cruz Wharf,NaN,0,0.29,3.26,2.93,3.58,250,1210,0,NaN,0.49,NaN,NaN,NaN,NaN,0.27,NaN,NaN,0,0.96,NaN,15.5
2013,7,17,20:00:00,36.958,-122.017,0,Santa Cruz Wharf,NaN,0,0.5,2.83,2.89,2.77,250,NaN,0,NaN,0.29,NaN,NaN,NaN,NaN,0.19,NaN,NaN,0,1.39,NaN,15.5
2013,7,24,15:30:00,36.958,-122.017,0,Santa Cruz Wharf,NaN,0,2.63,10.12,10.22,10.01,250,740,0,NaN,4.77,NaN,NaN,NaN,NaN,0.61,NaN,NaN,0,15.65,NaN,15.1
2013,7,31,15:15:00,36.958,-122.017,0,Santa Cruz Wharf,NaN,0,2.16,13.09,13.23,12.95,250,560,0,NaN,3.95,NaN,NaN,NaN,NaN,0.62,NaN,NaN,0,28.81,NaN,14.1
2013,8,7,14:30:00,36.958,-122.017,0,Santa Cruz Wharf,NaN,0,4.85,5.03,4.94,5.12,250,60,0,NaN,5.76,NaN,NaN,NaN,NaN,1.13,NaN,NaN,0,16.3,NaN,14
2013,8,14,15:30:00,36.958,-122.017,0,Santa Cruz Wharf,NaN,0,1.71,3.91,3.96,3.86,250,NaN,0,NaN,1.31,NaN,NaN,NaN,NaN,0.54,NaN,NaN,0,2.59,NaN,15.5
2013,8,21,15:15:00,36.958,-122.017,0,Santa Cruz Wharf,NaN,0,0.28,18.73,19.04,18.41,250,NaN,0,NaN,0.44,NaN,NaN,NaN,NaN,0.32,NaN,NaN,0,1.29,NaN,14.8
2013,8,28,15:30:00,36.958,-122.017,0,Santa Cruz Wharf,NaN,0,0.71,1.8,1.88,1.72,250,40,0,NaN,0.51,NaN,NaN,NaN,NaN,0.43,NaN,NaN,0,1.28,NaN,16.2
2013,9,4,15:30:00,36.958,-122.017,0,Santa Cruz Wharf,NaN,0,7.09,5.73,5.73,5.72,250,0,0,NaN,0.74,NaN,NaN,NaN,NaN,0.47,NaN,NaN,0,3.37,NaN,17.6
2013,9,11,16:00:00,36.958,-122.017,0,Santa Cruz Wharf,NaN,2080,8.48,19.95,19.81,20.09,250,NaN,0,NaN,5.09,NaN,NaN,NaN,NaN,1.07,NaN,NaN,0,9.37,NaN,15.4
2013,9,18,15:30:00,36.958,-122.017,0,Santa Cruz Wharf,NaN,180,2.77,9.59,9.45,9.73,250,NaN,0,NaN,5.36,NaN,NaN,NaN,NaN,0.66,NaN,NaN,0,8.39,NaN,14.9
2013,9,25,16:00:00,36.958,-122.017,0,Santa Cruz Wharf,NaN,100,4.23,5.15,5.32,4.99,250,60,0,NaN,9.82,NaN,NaN,NaN,NaN,1.19,NaN,NaN,0,26.02,NaN,14.6
2013,10,2,15:45:00,36.958,-122.017,0,Santa Cruz Wharf,NaN,2100,2.08,7.69,7.66,7.73,250,NaN,0,NaN,8.04,NaN,NaN,NaN,NaN,0.96,NaN,NaN,0,22.36,NaN,13.8
2013,10,9,15:45:00,36.958,-122.017,0,Santa Cruz Wharf,NaN,3713,0.31,47.95,49.86,46.03,250,NaN,0,NaN,0.94,NaN,NaN,NaN,NaN,0.57,NaN,NaN,0,24.61,NaN,13.8
2013,10,16,16:15:00,36.958,-122.017,0,Santa Cruz Wharf,NaN,10,11.38,2.82,2.84,2.8,250,NaN,0,NaN,5.61,NaN,NaN,NaN,NaN,2.28,NaN,NaN,0,23.91,NaN,13.2
2013,10,23,15:45:00,36.958,-122.017,0,Santa Cruz Wharf,NaN,0,9.87,7.63,7.59,7.66,250,180,0,NaN,6.09,NaN,NaN,NaN,NaN,1.89,NaN,NaN,0,20.76,NaN,12.8
2013,10,29,15:15:00,36.958,-122.017,0,Santa Cruz Wharf,NaN,0,10.36,1.34,1.35,1.33,250,NaN,0,NaN,12.21,NaN,NaN,NaN,NaN,1.64,NaN,NaN,0,13.67,NaN,12.1
2013,11,6,16:00:00,36.958,-122.017,0,Santa Cruz Wharf,NaN,20,8.54,2.41,2.47,2.35,250,0,0,NaN,8.66,NaN,NaN,NaN,NaN,1.96,NaN,NaN,0,26.44,NaN,12.4
2013,11,13,16:15:00,36.958,-122.017,0,Santa Cruz Wharf,NaN,1520,6.29,4.62,4.74,4.5,250,300,0,NaN,7.21,NaN,NaN,NaN,NaN,1.48,NaN,NaN,0,19.4,NaN,12.9
2013,11,27,16:20:00,36.958,-122.017,0,Santa Cruz Wharf,NaN,690,10.59,1.48,1.49,1.47,250,110,0,NaN,7.93,NaN,NaN,NaN,NaN,1.79,NaN,NaN,0,18.46,NaN,11.5
2013,12,4,16:15:00,36.958,-122.017,0,Santa Cruz Wharf,NaN,1820,9.12,1.9,1.83,1.96,250,1100,0,NaN,7.91,NaN,NaN,NaN,NaN,1.53,NaN,NaN,0,18.04,NaN,11.4
2013,12,11,17:25:00,36.958,-122.017,0,Santa Cruz Wharf,NaN,30,5.6,0.89,0.88,0.9,250,20,0,NaN,12.57,NaN,NaN,NaN,NaN,1.54,NaN,NaN,0,18.69,NaN,11.1
2013,12,18,17:00:00,36.958,-122.017,0,Santa Cruz Wharf,NaN,30,3.52,2.66,2.56,2.77,250,180,0,NaN,12.24,NaN,NaN,NaN,NaN,1.41,NaN,NaN,0,19.51,NaN,10.7
2014,1,8,16:45:00,36.958,-122.017,0,Santa Cruz Wharf,NaN,0,5.56,1.9,1.95,1.85,250,0,0,NaN,8.85,NaN,NaN,NaN,NaN,1.44,NaN,NaN,0,15.73,NaN,11.4
2014,1,15,16:20:00,36.958,-122.017,0,Santa Cruz Wharf,NaN,0,4.26,1.67,1.76,1.58,250,50,0,NaN,7.58,NaN,NaN,NaN,NaN,1.11,NaN,NaN,0,13.84,NaN,11.4
2014,1,22,15:50:00,36.958,-122.017,0,Santa Cruz Wharf,NaN,0,4.82,1.87,1.79,1.95,250,NaN,0,NaN,6.96,NaN,NaN,NaN,NaN,1.29,NaN,NaN,0,15.35,NaN,10.5
2014,1,29,16:25:00,36.958,-122.017,0,Santa Cruz Wharf,NaN,0,6.05,1.11,0.91,1.31,250,NaN,0,NaN,6.2,NaN,NaN,NaN,NaN,1.15,NaN,NaN,0,12.56,NaN,13.2
2014,2,5,16:00:00,36.958,-122.017,0,Santa Cruz Wharf,NaN,0,9.38,1.48,1.56,1.41,250,90,0,NaN,5.24,NaN,NaN,NaN,NaN,1.31,NaN,NaN,0,16.25,NaN,10.6
2014,2,12,15:45:00,36.958,-122.017,0,Santa Cruz Wharf,NaN,0,6.1,1.29,1.33,1.24,250,0,0,NaN,5.59,NaN,NaN,NaN,NaN,1.03,NaN,NaN,0,15.21,NaN,11.9
2014,2,19,15:35:00,36.958,-122.017,0,Santa Cruz Wharf,NaN,0,5.2,3.66,3.8,3.53,250,0,0.1,NaN,5.06,NaN,NaN,NaN,NaN,1.02,NaN,NaN,0,13.17,NaN,12.5
2014,2,26,15:40:00,36.958,-122.017,0,Santa Cruz Wharf,NaN,0,4.11,2.07,2.16,1.98,250,NaN,0,NaN,4.03,NaN,NaN,NaN,NaN,0.97,NaN,NaN,0,9.97,NaN,12.4
2014,3,6,15:30:00,36.958,-122.017,0,Santa Cruz Wharf,NaN,0,5.88,2.27,2.21,2.34,250,NaN,0,NaN,7.32,NaN,NaN,NaN,NaN,1.04,NaN,NaN,550,16.77,NaN,12.2
2014,3,12,14:40:00,36.958,-122.017,0,Santa Cruz Wharf,NaN,0,4.52,2.83,2.71,2.95,250,510,0.09,NaN,2.87,NaN,NaN,NaN,NaN,0.55,NaN,NaN,14500,8.84,NaN,12.4
2014,3,19,15:10:00,36.958,-122.017,0,Santa Cruz Wharf,NaN,0,2.49,3.01,3.02,3,250,820,0.14,NaN,2.35,NaN,NaN,NaN,NaN,0.54,NaN,NaN,7300,10.55,NaN,12.1
2014,3,26,15:00:00,36.958,-122.017,0,Santa Cruz Wharf,NaN,0,4.42,5.6,5.69,5.52,250,10,1.68,NaN,4.77,NaN,NaN,NaN,NaN,0.73,NaN,NaN,135850,11.06,NaN,12.7
2014,4,3,13:00:00,36.958,-122.017,0,Santa Cruz Wharf,NaN,0,3.28,5.84,5.93,5.76,250,210,0.8,NaN,0.81,NaN,NaN,NaN,NaN,0.44,NaN,NaN,248800,6.1,NaN,12.1
2014,4,9,15:30:00,36.958,-122.017,0,Santa Cruz Wharf,NaN,0,3.05,2.42,2.41,2.43,250,690,0.67,NaN,0.49,NaN,NaN,NaN,NaN,0.3,NaN,NaN,61850,7.51,NaN,15.7
2014,4,16,14:30:00,36.958,-122.017,0,Santa Cruz Wharf,NaN,NaN,1.66,5.74,5.87,5.6,250,NaN,0.67,NaN,1.05,NaN,NaN,NaN,NaN,0.4,NaN,NaN,NaN,6.02,NaN,14.7
2014,4,23,14:30:00,36.958,-122.017,0,Santa Cruz Wharf,NaN,0,4.09,4.24,4.26,4.22,250,NaN,0.09,NaN,22.5,NaN,NaN,NaN,NaN,1.76,NaN,NaN,2750,30.95,NaN,9.7
2014,4,30,14:30:00,36.958,-122.017,0,Santa Cruz Wharf,NaN,0,2.52,12.5,13.17,11.83,250,NaN,1.23,NaN,2.07,NaN,NaN,NaN,NaN,0.69,NaN,NaN,174500,4.91,NaN,13
2014,5,7,15:30:00,36.958,-122.017,0,Santa Cruz Wharf,NaN,20,1.93,7.8,7.39,8.2,250,NaN,5.55,NaN,11.77,NaN,NaN,NaN,NaN,0.89,NaN,NaN,170050,16.68,NaN,10.3
2014,5,14,15:45:00,36.958,-122.017,0,Santa Cruz Wharf,NaN,60,1.19,6.08,6.28,5.87,250,NaN,3.44,NaN,0.63,NaN,NaN,NaN,NaN,0.19,NaN,NaN,170850,4.07,NaN,14.6
2014,5,21,15:50:00,36.958,-122.017,0,Santa Cruz Wharf,NaN,350,4.94,4.17,4.04,4.29,250,490,0.15,NaN,11.35,NaN,NaN,NaN,NaN,1.1,NaN,NaN,47600,18.99,NaN,12.8
2014,5,28,15:35:00,36.958,-122.017,0,Santa Cruz Wharf,NaN,230,0.44,4.87,5.13,4.6,250,NaN,0.59,NaN,0.02,NaN,NaN,NaN,NaN,0.15,NaN,NaN,26750,2.47,NaN,14.3
2014,6,4,15:15:00,36.958,-122.017,0,Santa Cruz Wharf,NaN,190,1.29,3.37,3.29,3.45,250,730,16.22,NaN,0.48,NaN,NaN,NaN,NaN,0.23,NaN,NaN,23150,3.32,NaN,14
2014,6,11,15:50:00,36.958,-122.017,0,Santa Cruz Wharf,NaN,760,2.81,8.8,9,8.6,250,5200,0,NaN,0.53,NaN,NaN,NaN,NaN,0.5,NaN,NaN,0,8.04,NaN,14.3
2014,6,18,16:20:00,36.958,-122.017,0,Santa Cruz Wharf,NaN,20,0.89,7.93,8,7.86,250,150,0.02,NaN,1.04,NaN,NaN,NaN,NaN,0.24,NaN,NaN,1800,4.31,NaN,14.9
2014,6,25,16:20:00,36.958,-122.017,0,Santa Cruz Wharf,NaN,180,0.49,8.3,8.06,8.53,250,400,0,NaN,0.08,NaN,NaN,NaN,NaN,0.03,NaN,NaN,0,1.2,NaN,16.7
2014,7,2,16:10:00,36.958,-122.017,0,Santa Cruz Wharf,NaN,2360,0.82,5.47,5.46,5.49,250,540,0,NaN,0.05,NaN,NaN,NaN,NaN,0.06,NaN,NaN,0,1.64,NaN,14.1
2014,7,9,16:50:00,36.958,-122.017,0,Santa Cruz Wharf,NaN,740,5.37,3.13,3.21,3.06,250,310,0.04,NaN,1.78,NaN,NaN,NaN,NaN,0.89,NaN,NaN,5550,23.07,NaN,15.6
2014,7,16,16:25:00,36.958,-122.017,0,Santa Cruz Wharf,NaN,1200,3.81,2.66,2.71,2.6,250,330,0.12,NaN,0.53,NaN,NaN,NaN,NaN,0.53,NaN,NaN,10400,5.27,NaN,16.6
2014,7,23,16:20:00,36.958,-122.017,0,Santa Cruz Wharf,NaN,260,9.57,9.41,9.41,9.41,250,NaN,0,NaN,1.49,NaN,NaN,NaN,NaN,0.58,NaN,NaN,0,6.31,NaN,18
2014,7,30,16:10:00,36.958,-122.017,0,Santa Cruz Wharf,NaN,0,6.68,8.4,8.53,8.26,250,NaN,0,NaN,2.12,NaN,NaN,NaN,NaN,0.8,NaN,NaN,0,14.38,NaN,17.8
2014,8,6,15:45:00,36.958,-122.017,0,Santa Cruz Wharf,NaN,0,3.36,6.75,6.79,6.72,250,900,0,NaN,0.72,NaN,NaN,NaN,NaN,0.47,NaN,NaN,0,8.98,NaN,17.9
2014,8,13,17:30:00,36.958,-122.017,0,Santa Cruz Wharf,NaN,0,0.73,11.99,12.1,11.89,250,330,0,NaN,0.03,NaN,NaN,NaN,NaN,0.4,NaN,NaN,100,7.53,NaN,18.7
2014,8,20,16:00:00,36.958,-122.017,0,Santa Cruz Wharf,NaN,0,1.75,7.96,7.93,8,250,320,0,NaN,0.54,NaN,NaN,NaN,NaN,0.7,NaN,NaN,0,8.79,NaN,17.4
2014,8,27,15:45:00,36.958,-122.017,0,Santa Cruz Wharf,NaN,0,3.19,4.87,4.98,4.76,250,NaN,0,NaN,0.93,NaN,NaN,NaN,NaN,0.7,NaN,NaN,0,9.84,NaN,17.9
2014,9,3,16:00:00,36.958,-122.017,0,Santa Cruz Wharf,NaN,0,6.33,3.05,3.02,3.07,250,20,0,NaN,1.34,NaN,NaN,NaN,NaN,0.91,NaN,NaN,0,10.94,NaN,18.2
2014,9,10,15:45:00,36.958,-122.017,0,Santa Cruz Wharf,NaN,0,5.62,4.5,4.74,4.25,250,30,0,NaN,1.62,NaN,NaN,NaN,NaN,1.04,NaN,NaN,0,10.27,NaN,17.1
2014,9,17,16:15:00,36.958,-122.017,0,Santa Cruz Wharf,NaN,0,4.12,6.94,6.83,7.04,250,NaN,0,NaN,1.5,NaN,NaN,NaN,NaN,1.05,NaN,NaN,0,10.24,NaN,17.5
2014,9,24,16:15:00,36.958,-122.017,0,Santa Cruz Wharf,NaN,500,1.34,11.2,10.86,11.54,250,690,0,NaN,0.07,NaN,NaN,NaN,NaN,0.5,NaN,NaN,0,10.21,NaN,18.5
2014,10,1,15:50:00,36.958,-122.017,0,Santa Cruz Wharf,NaN,820,4.79,4.9,4.85,4.96,250,NaN,0,NaN,1.05,NaN,NaN,NaN,NaN,0.61,NaN,NaN,0,11.38,NaN,17.8
2014,10,8,15:12:00,36.958,-122.017,0,Santa Cruz Wharf,NaN,170,1.16,4.87,4.85,4.9,250,NaN,0,NaN,0.04,NaN,NaN,NaN,NaN,0.17,NaN,NaN,0,7.42,NaN,17.1
2014,10,15,14:40:00,36.958,-122.017,0,Santa Cruz Wharf,NaN,2700,5.58,2.63,2.6,2.66,250,867,0,NaN,2.68,NaN,NaN,NaN,NaN,0.95,NaN,NaN,0,9.11,NaN,16
2014,10,22,14:30:00,36.958,-122.017,0,Santa Cruz Wharf,NaN,60,5,2.06,2.01,2.11,250,NaN,0,NaN,2.46,NaN,NaN,NaN,NaN,0.56,NaN,NaN,0,8.43,NaN,14.9
2014,10,29,14:35:00,36.958,-122.017,0,Santa Cruz Wharf,NaN,0,4.04,2.55,2.48,2.62,250,20,0,NaN,1.93,NaN,NaN,NaN,NaN,1.42,NaN,NaN,0,14.39,NaN,15.3
2014,11,5,15:30:00,36.958,-122.017,0,Santa Cruz Wharf,NaN,1030,0.42,50.28,50.59,49.97,250,1190,0,NaN,0.84,NaN,NaN,NaN,NaN,0.37,NaN,NaN,0,18.36,NaN,14.5
2014,11,12,15:30:00,36.958,-122.017,0,Santa Cruz Wharf,NaN,3380,4.1,11.58,11.92,11.23,250,NaN,0,NaN,1.99,NaN,NaN,NaN,NaN,1.34,NaN,NaN,0,13.42,NaN,15
2014,11,19,15:40:00,36.958,-122.017,0,Santa Cruz Wharf,NaN,680,6.29,6.19,6.5,5.88,250,270,0,NaN,1.85,NaN,NaN,NaN,NaN,0.71,NaN,NaN,0,13.32,NaN,14.1
2014,11,26,15:50:00,36.958,-122.017,0,Santa Cruz Wharf,NaN,1290,3.85,8.09,7.88,8.3,250,200,0,NaN,2.42,NaN,NaN,NaN,NaN,0.61,NaN,NaN,0,16.17,NaN,13.4
2014,12,3,15:50:00,36.958,-122.017,0,Santa Cruz Wharf,NaN,270,3.13,5.17,4.82,5.53,250,NaN,0,NaN,5.06,NaN,NaN,NaN,NaN,0.76,NaN,NaN,0,17.75,NaN,15
2014,12,10,15:45:00,36.958,-122.017,0,Santa Cruz Wharf,NaN,0,4.96,3.13,3.13,3.14,250,10,0,NaN,3.07,NaN,NaN,NaN,NaN,0.69,NaN,NaN,0,18.25,NaN,14.7
2014,12,17,16:05:00,36.958,-122.017,0,Santa Cruz Wharf,NaN,0,3.19,0.94,0.89,1,250,30,0,NaN,3.6,NaN,NaN,NaN,NaN,0.51,NaN,NaN,0,13.73,NaN,14.1
2015,1,7,17:25:00,36.958,-122.017,0,Santa Cruz Wharf,NaN,0,3.88,0.85,0.66,1.04,250,0,0,NaN,6.75,NaN,NaN,NaN,NaN,0.4,NaN,NaN,0,13.83,NaN,13.4
2015,1,14,16:40:00,36.958,-122.017,0,Santa Cruz Wharf,NaN,0,3.39,1.28,1.87,0.68,250,0,0,NaN,1.12,NaN,NaN,NaN,NaN,0.43,NaN,NaN,0,8.99,NaN,12.3
2015,1,21,16:35:00,36.958,-122.017,0,Santa Cruz Wharf,NaN,0,3.2,1.56,1.53,1.59,250,0,0,NaN,1.96,NaN,NaN,NaN,NaN,0.47,NaN,NaN,0,7.17,NaN,13
2015,1,28,16:45:00,36.958,-122.017,0,Santa Cruz Wharf,NaN,0,3.1,1.16,1.23,1.08,250,0,0,NaN,3.32,NaN,NaN,NaN,NaN,0.51,NaN,NaN,0,9.95,NaN,13.5
2015,2,4,16:30:00,36.958,-122.017,0,Santa Cruz Wharf,NaN,20,4.93,1.7,1.69,1.71,250,0,0,NaN,3.77,NaN,NaN,NaN,NaN,0.62,NaN,NaN,0,9.2,NaN,13.3
2015,2,11,16:25:00,36.958,-122.017,0,Santa Cruz Wharf,NaN,0,3.6,1.56,1.52,1.61,250,10,0,NaN,5.66,NaN,NaN,NaN,NaN,0.77,NaN,NaN,0,38.56,NaN,13.3
2015,2,18,16:30:00,36.958,-122.017,0,Santa Cruz Wharf,NaN,0,4,1.85,1.89,1.81,250,10,0,NaN,2.26,NaN,NaN,NaN,NaN,0.47,NaN,NaN,0,9.84,NaN,14.9
2015,2,25,16:30:00,36.958,-122.017,0,Santa Cruz Wharf,NaN,0,4.76,1.78,1.72,1.84,250,70,0,NaN,3.01,NaN,NaN,NaN,NaN,0.61,NaN,NaN,0,11.77,NaN,14.1
2015,3,4,16:30:00,36.958,-122.017,0,Santa Cruz Wharf,NaN,10,4.57,4.29,4.28,4.31,250,60,0,NaN,4.23,NaN,NaN,NaN,NaN,0.67,NaN,NaN,0,9.48,NaN,13.7
2015,3,11,15:30:00,36.958,-122.017,0,Santa Cruz Wharf,NaN,0,2,3.69,4.01,3.38,250,50,0,NaN,0.85,NaN,NaN,NaN,NaN,0.35,NaN,NaN,0,6.64,NaN,13.3
2015,3,18,15:30:00,36.958,-122.017,0,Santa Cruz Wharf,NaN,0,3.58,2.39,2.41,2.37,250,410,0,NaN,1.38,NaN,NaN,NaN,NaN,0.5,NaN,NaN,0,6.25,NaN,13.4
2015,3,25,15:30:00,36.958,-122.017,0,Santa Cruz Wharf,NaN,0,3.77,1.84,1.83,1.85,250,50,0,NaN,6.17,NaN,NaN,NaN,NaN,0.67,NaN,NaN,0,12.26,NaN,13.5
2015,4,1,15:25:00,36.958,-122.017,0,Santa Cruz Wharf,NaN,0,1.67,4.25,4.26,4.24,250,NaN,0,NaN,4.74,NaN,NaN,NaN,NaN,0.43,NaN,NaN,660,10.22,NaN,12.3
2015,4,8,15:30:00,36.958,-122.017,0,Santa Cruz Wharf,NaN,80,1.85,13.85,13.77,13.92,250,260,0.02,NaN,1.27,NaN,NaN,NaN,NaN,0.36,NaN,NaN,26200,6.77,NaN,12.4
2015,4,15,16:00:00,36.958,-122.017,0,Santa Cruz Wharf,NaN,20,6.14,2.04,1.96,2.11,250,220,0.01,NaN,10.95,NaN,NaN,NaN,NaN,1.02,NaN,NaN,27250,18.21,NaN,11.7
2015,4,22,15:45:00,36.958,-122.017,0,Santa Cruz Wharf,NaN,20,7.74,5.63,5.96,5.3,250,500,0.62,NaN,8.38,NaN,NaN,NaN,NaN,0.69,NaN,NaN,122600,13.81,NaN,11.5
2015,4,29,15:15:00,36.958,-122.017,0,Santa Cruz Wharf,NaN,0,2.61,5.49,5.92,5.06,250,NaN,3.42,NaN,0.65,NaN,NaN,NaN,NaN,0.09,NaN,NaN,198000,8.89,NaN,13.5
2015,5,6,15:30:00,36.958,-122.017,0,Santa Cruz Wharf,NaN,0,0.7,8.57,8.34,8.79,250,7100,3.18,NaN,0.5,NaN,NaN,NaN,NaN,0,NaN,NaN,154650,2.64,NaN,13.3
2015,5,13,15:15:00,36.958,-122.017,0,Santa Cruz Wharf,NaN,0,6.18,1.61,1.59,1.64,250,100,0.31,NaN,13.21,NaN,NaN,NaN,NaN,0.97,NaN,NaN,23550,16.86,NaN,11.3
2015,5,20,15:15:00,36.958,-122.017,0,Santa Cruz Wharf,NaN,110,3.15,10.67,10.86,10.48,250,NaN,3.87,NaN,8.36,NaN,NaN,NaN,NaN,0.38,NaN,NaN,444200,10.1,NaN,12.1
2015,5,27,15:15:00,36.958,-122.017,0,Santa Cruz Wharf,NaN,0,2.25,11.64,12.09,11.19,250,NaN,6.63,NaN,1.04,NaN,NaN,NaN,NaN,0.18,NaN,NaN,491450,3.6,NaN,12.9
2015,6,3,15:30:00,36.958,-122.017,0,Santa Cruz Wharf,NaN,540,5.07,4.73,4.82,4.64,250,550,0.06,NaN,1.35,NaN,NaN,NaN,NaN,0,NaN,NaN,4250,2.88,NaN,15.8
2015,6,10,15:15:00,36.958,-122.017,0,Santa Cruz Wharf,NaN,310,2.83,5.24,5.09,5.38,250,1350,0.54,NaN,1.2,NaN,NaN,NaN,NaN,0.14,NaN,NaN,14350,6.08,NaN,16
2015,6,17,15:30:00,36.958,-122.017,0,Santa Cruz Wharf,NaN,600,3.7,3.57,3.63,3.5,250,3750,0.82,NaN,1.09,NaN,NaN,NaN,NaN,0.16,NaN,NaN,48500,3.18,NaN,15.2
2015,6,24,15:15:00,36.958,-122.017,0,Santa Cruz Wharf,NaN,50,0.34,9,9.95,8.05,250,1200,0.57,NaN,0.3,NaN,NaN,NaN,NaN,0,NaN,NaN,29650,3.82,NaN,15.6
2015,7,1,15:30:00,36.958,-122.017,0,Santa Cruz Wharf,NaN,70,0.47,4.96,4.78,5.14,250,NaN,0.16,NaN,0,NaN,NaN,NaN,NaN,0,NaN,NaN,750,3.14,NaN,16.4
2015,7,8,15:45:00,36.958,-122.017,0,Santa Cruz Wharf,NaN,50,0.53,4.02,3.85,4.18,250,3100,0.02,NaN,0.07,NaN,NaN,NaN,NaN,0,NaN,NaN,0,6.65,NaN,17.4
2015,7,15,15:15:00,36.958,-122.017,0,Santa Cruz Wharf,NaN,0,1.08,3.72,3.79,3.66,250,5900,0,NaN,0,NaN,NaN,NaN,NaN,0,NaN,NaN,200,4.55,NaN,18.5
2015,7,22,14:50:00,36.958,-122.017,0,Santa Cruz Wharf,NaN,0,1,2.17,2.15,2.19,250,NaN,0,NaN,0.2,NaN,NaN,NaN,NaN,0,NaN,NaN,0,3.97,NaN,17.9
2015,7,29,15:25:00,36.958,-122.017,0,Santa Cruz Wharf,NaN,50,4.92,7.28,7.14,7.43,250,NaN,0.08,NaN,0.5,NaN,NaN,NaN,NaN,0.07,NaN,NaN,2850,5.79,NaN,17.9
2015,8,5,15:20:00,36.958,-122.017,0,Santa Cruz Wharf,NaN,90,2.56,5.98,5.98,NaN,250,200,0.29,NaN,0.42,NaN,NaN,NaN,NaN,0.12,NaN,NaN,26000,3.69,NaN,17.3
2015,8,12,15:25:00,36.958,-122.017,0,Santa Cruz Wharf,NaN,30,2.55,6.62,6.79,6.45,250,NaN,0,NaN,1.26,NaN,NaN,NaN,NaN,0.01,NaN,NaN,100,4.66,NaN,17.4
2015,8,19,15:15:00,36.958,-122.017,0,Santa Cruz Wharf,NaN,260,3.31,4.16,4.08,4.25,250,160,0.03,NaN,1.9,NaN,NaN,NaN,NaN,0.28,NaN,NaN,450,7.75,NaN,17
2015,8,26,15:20:00,36.958,-122.017,0,Santa Cruz Wharf,NaN,10,0.4,3.15,3.14,3.17,250,NaN,0,NaN,0,NaN,NaN,NaN,NaN,0,NaN,NaN,1050,2.68,NaN,17.7
2015,9,2,15:30:00,36.958,-122.017,0,Santa Cruz Wharf,NaN,0,2.11,4.66,4.63,4.68,250,NaN,0.02,NaN,1.22,NaN,NaN,NaN,NaN,0.2,NaN,NaN,4100,8.05,NaN,16.9
2015,9,9,15:15:00,36.958,-122.017,0,Santa Cruz Wharf,NaN,20,0.45,7,6.9,7.09,250,600,0.04,NaN,0.17,NaN,NaN,NaN,NaN,0,NaN,NaN,1300,2.66,NaN,17.3
2015,9,16,15:15:00,36.958,-122.017,0,Santa Cruz Wharf,NaN,0,4.66,1.43,1.45,1.4,250,100,0.51,NaN,1.73,NaN,NaN,NaN,NaN,0.39,NaN,NaN,28000,6.28,NaN,14.6
2015,9,23,15:30:00,36.958,-122.017,0,Santa Cruz Wharf,NaN,20,2.2,3.24,3.32,3.16,250,110,0.05,NaN,0.32,NaN,NaN,NaN,NaN,0.17,NaN,NaN,150,2.59,NaN,17.6
2015,9,30,15:15:00,36.958,-122.017,0,Santa Cruz Wharf,NaN,0,2.3,3.22,3.38,3.05,250,20,0,NaN,0.48,NaN,NaN,NaN,NaN,0.17,NaN,NaN,0,6.3,NaN,17.6
2015,10,7,15:30:00,36.958,-122.017,0,Santa Cruz Wharf,NaN,0,1.57,5.38,5.13,5.62,250,40,0,NaN,0.35,NaN,NaN,NaN,NaN,0.18,NaN,NaN,450,6.9,NaN,16.7
2015,10,14,15:30:00,36.958,-122.017,0,Santa Cruz Wharf,NaN,0,5.32,3.11,3.11,NaN,250,0,0,NaN,1.1,NaN,NaN,NaN,NaN,0.55,NaN,NaN,0,9.83,NaN,17.8
2015,10,21,15:30:00,36.958,-122.017,0,Santa Cruz Wharf,NaN,0,2.89,3.05,2.71,3.39,250,NaN,0,NaN,0.5,NaN,NaN,NaN,NaN,0.17,NaN,NaN,0,5.57,NaN,16.9
2015,10,28,16:00:00,36.958,-122.017,0,Santa Cruz Wharf,NaN,0,6.19,4.25,4.15,4.35,250,NaN,0,NaN,2.17,NaN,NaN,NaN,NaN,0.9,NaN,NaN,0,11.59,NaN,17.8
2015,11,4,16:40:00,36.958,-122.017,0,Santa Cruz Wharf,NaN,0,2.68,2.12,2.12,2.13,250,0,0,NaN,4.95,NaN,NaN,NaN,NaN,0.58,NaN,NaN,0,10.94,NaN,14.8
2015,11,11,16:25:00,36.958,-122.017,0,Santa Cruz Wharf,NaN,0,2.68,3.84,3.61,4.06,250,10,0,NaN,2.74,NaN,NaN,NaN,NaN,0.61,NaN,NaN,0,11.44,NaN,13.3
2015,11,18,16:40:00,36.958,-122.017,0,Santa Cruz Wharf,NaN,0,4.34,1.87,1.85,1.88,250,NaN,0.01,NaN,5.21,NaN,NaN,NaN,NaN,1.26,NaN,NaN,0,10.99,NaN,13.7
2015,11,25,15:10:00,36.958,-122.017,0,Santa Cruz Wharf,NaN,0,6.26,4.21,4.36,4.07,250,0,0.01,NaN,4.34,NaN,NaN,NaN,NaN,1.4,NaN,NaN,2050,10.19,NaN,11.4
2015,12,2,16:45:00,36.958,-122.017,0,Santa Cruz Wharf,NaN,0,4.13,2.03,1.95,2.11,250,20,0,NaN,2.33,NaN,NaN,NaN,NaN,0.98,NaN,NaN,0,7.23,NaN,12.2
2015,12,9,16:20:00,36.958,-122.017,0,Santa Cruz Wharf,NaN,0,3.44,1.37,1.45,1.29,250,40,0,NaN,1.33,NaN,NaN,NaN,NaN,0.87,NaN,NaN,0,4.89,NaN,14.1
2015,12,16,16:30:00,36.958,-122.017,0,Santa Cruz Wharf,NaN,0,5.47,1.32,1.24,1.4,250,0,0,NaN,2.64,NaN,NaN,NaN,NaN,0.89,NaN,NaN,0,10.24,NaN,11.8
2016,1,6,16:30:00,36.958,-122.017,0,Santa Cruz Wharf,NaN,0,2,1.93,1.97,1.89,250,NaN,0,NaN,5.01,NaN,NaN,NaN,NaN,0.9,NaN,NaN,0,12.55,NaN,11.7
2016,1,13,16:30:00,36.958,-122.017,0,Santa Cruz Wharf,NaN,0,3.09,0.76,0.86,0.65,250,NaN,0,NaN,4.45,NaN,NaN,NaN,NaN,0.85,NaN,NaN,0,7.65,NaN,14.8
2016,1,20,16:30:00,36.958,-122.017,0,Santa Cruz Wharf,NaN,0,2.67,0.91,1.03,0.78,250,0,0,NaN,3.8,NaN,NaN,NaN,NaN,0.88,NaN,NaN,0,10.79,NaN,14.1
2016,1,27,16:30:00,36.958,-122.017,0,Santa Cruz Wharf,NaN,0,4.24,0.95,0.95,0.94,250,NaN,0,NaN,3.3,NaN,NaN,NaN,NaN,0.98,NaN,NaN,0,9.41,NaN,13.4
2016,2,3,16:30:00,36.958,-122.017,0,Santa Cruz Wharf,NaN,0,2.85,0.76,0.79,0.74,250,NaN,0,NaN,5.21,NaN,NaN,NaN,NaN,1.01,NaN,NaN,0,23.1,NaN,11.4
2016,2,10,16:30:00,36.958,-122.017,0,Santa Cruz Wharf,NaN,0,2.76,1.71,1.83,1.59,250,NaN,0,NaN,4.17,NaN,NaN,NaN,NaN,0.93,NaN,NaN,0,12.67,NaN,12.6
2016,2,17,16:30:00,36.958,-122.017,0,Santa Cruz Wharf,NaN,0,3.89,2.56,2.59,2.52,250,NaN,0,NaN,5.74,NaN,NaN,NaN,NaN,1,NaN,NaN,0,12.67,NaN,13.6
2016,2,24,16:30:00,36.958,-122.017,0,Santa Cruz Wharf,NaN,0,2.31,2.89,2.84,2.94,250,0,0,NaN,2.96,NaN,NaN,NaN,NaN,0.7,NaN,NaN,0,8.52,NaN,13.5
2016,3,2,16:30:00,36.958,-122.017,0,Santa Cruz Wharf,NaN,190,2.61,2.4,2.47,2.32,250,20,0,NaN,2.47,NaN,NaN,NaN,NaN,0.79,NaN,NaN,0,8.38,NaN,13.3
2016,3,9,16:30:00,36.958,-122.017,0,Santa Cruz Wharf,NaN,NaN,2.81,1.43,1.41,1.44,250,NaN,0,NaN,2.95,NaN,NaN,NaN,NaN,0.9,NaN,NaN,NaN,24.05,NaN,13.9
2016,3,16,15:30:00,36.958,-122.017,0,Santa Cruz Wharf,NaN,NaN,3.6,1.37,1.27,1.47,250,NaN,0,NaN,4.63,NaN,NaN,NaN,NaN,1,NaN,NaN,NaN,31.7,NaN,12.9
2016,3,23,15:30:00,36.958,-122.017,0,Santa Cruz Wharf,NaN,NaN,2.26,2.58,2.7,2.46,250,NaN,0,NaN,2.98,NaN,NaN,NaN,NaN,0.82,NaN,NaN,NaN,12.17,NaN,13.2
2016,3,30,15:30:00,36.958,-122.017,0,Santa Cruz Wharf,NaN,NaN,0.72,2.25,2.24,2.27,250,NaN,0,NaN,11.5,NaN,NaN,NaN,NaN,1.2,NaN,NaN,NaN,25.41,NaN,11.5
2016,4,6,15:00:00,36.958,-122.017,0,Santa Cruz Wharf,NaN,NaN,1.87,4.02,4.1,3.94,250,NaN,0,NaN,4.13,NaN,NaN,NaN,NaN,0.75,NaN,NaN,NaN,17.71,NaN,13.9
2016,4,13,15:20:00,36.958,-122.017,0,Santa Cruz Wharf,NaN,NaN,3.98,2.79,2.7,2.88,250,NaN,0,NaN,4.26,NaN,NaN,NaN,NaN,0.97,NaN,NaN,NaN,20.73,NaN,12.5
2016,4,20,14:50:00,36.958,-122.017,0,Santa Cruz Wharf,NaN,NaN,1.51,5.9,5.79,6,250,NaN,0.02,NaN,0.95,NaN,NaN,NaN,NaN,0.65,NaN,NaN,NaN,6.84,NaN,13
2016,4,27,15:00:00,36.958,-122.017,0,Santa Cruz Wharf,NaN,NaN,3.85,3.53,3.54,3.53,250,NaN,0,NaN,6.22,NaN,NaN,NaN,NaN,1.08,NaN,NaN,NaN,18.41,NaN,11.9
2016,5,4,14:50:00,36.958,-122.017,0,Santa Cruz Wharf,NaN,NaN,2.19,3.1,3.01,3.19,250,NaN,0,NaN,1.28,NaN,NaN,NaN,NaN,0.72,NaN,NaN,NaN,7.72,NaN,13.3
2016,5,11,14:50:00,36.958,-122.017,0,Santa Cruz Wharf,NaN,NaN,6.77,5.84,5.63,6.05,250,NaN,0.02,NaN,2.79,NaN,NaN,NaN,NaN,0.89,NaN,NaN,NaN,11.06,NaN,13.1
2016,5,18,14:50:00,36.958,-122.017,0,Santa Cruz Wharf,NaN,NaN,2.28,5.99,5.88,6.09,250,NaN,0.03,NaN,2.74,NaN,NaN,NaN,NaN,0.63,NaN,NaN,NaN,5.05,NaN,14.6
2016,5,25,15:00:00,36.958,-122.017,0,Santa Cruz Wharf,NaN,NaN,3.07,5.65,5.72,5.59,250,NaN,0.04,NaN,5.65,NaN,NaN,NaN,NaN,1.04,NaN,NaN,NaN,21.99,NaN,12.4
2016,6,1,14:50:00,36.958,-122.017,0,Santa Cruz Wharf,NaN,NaN,1.1,7.19,7,7.38,250,NaN,0.11,NaN,0.11,NaN,NaN,NaN,NaN,0.65,NaN,NaN,NaN,13.83,NaN,13.9
2016,6,8,14:50:00,36.958,-122.017,0,Santa Cruz Wharf,NaN,NaN,0.65,8.15,8.32,7.99,250,NaN,0.18,NaN,0,NaN,NaN,NaN,NaN,0.45,NaN,NaN,NaN,5.76,NaN,14.5
2016,6,15,14:35:00,36.958,-122.017,0,Santa Cruz Wharf,NaN,NaN,5.03,7.12,7.17,7.06,250,NaN,0.73,NaN,9.78,NaN,NaN,NaN,NaN,1.31,NaN,NaN,NaN,16.5,NaN,12.6
2016,6,22,15:30:00,36.958,-122.017,0,Santa Cruz Wharf,NaN,NaN,4.92,3.9,3.89,3.9,250,NaN,0.03,NaN,2.67,NaN,NaN,NaN,NaN,1,NaN,NaN,NaN,14.74,NaN,14.7
2016,6,29,15:10:00,36.958,-122.017,0,Santa Cruz Wharf,NaN,NaN,6.31,6.73,6.76,6.69,250,NaN,0.56,NaN,1.47,NaN,NaN,NaN,NaN,0.91,NaN,NaN,NaN,6.36,NaN,14.4
2016,7,6,15:15:00,36.958,-122.017,0,Santa Cruz Wharf,NaN,NaN,0.95,5.88,5.86,5.9,250,NaN,1.28,NaN,0.2,NaN,NaN,NaN,NaN,0.41,NaN,NaN,NaN,1.89,NaN,13.6
2016,7,13,15:05:00,36.958,-122.017,0,Santa Cruz Wharf,NaN,NaN,1.57,6.52,6.39,6.65,250,NaN,2.44,NaN,NaN,NaN,NaN,NaN,NaN,NaN,NaN,NaN,NaN,NaN,NaN,15.2
2016,7,20,15:25:00,36.958,-122.017,0,Santa Cruz Wharf,NaN,NaN,2.96,7.72,9.35,6.09,250,NaN,5.8,NaN,NaN,NaN,NaN,NaN,NaN,NaN,NaN,NaN,NaN,NaN,NaN,13.5
2016,7,27,15:25:00,36.958,-122.017,0,Santa Cruz Wharf,NaN,NaN,5.94,5.43,5.71,5.14,250,NaN,1.11,NaN,2.29,NaN,NaN,NaN,NaN,0.63,NaN,NaN,NaN,4.2,NaN,15.1
2016,8,3,14:45:00,36.958,-122.017,0,Santa Cruz Wharf,NaN,NaN,4.16,16.6,18.01,15.2,250,NaN,0.35,NaN,NaN,NaN,NaN,NaN,NaN,NaN,NaN,NaN,NaN,NaN,NaN,15.2
2016,8,10,15:05:00,36.958,-122.017,0,Santa Cruz Wharf,NaN,NaN,4.83,5.73,5.79,5.67,250,NaN,0.11,NaN,NaN,NaN,NaN,NaN,NaN,NaN,NaN,NaN,NaN,NaN,NaN,15.9
2016,8,17,15:05:00,36.958,-122.017,0,Santa Cruz Wharf,NaN,NaN,0.89,19.07,18.89,19.24,250,NaN,0.11,NaN,0.26,NaN,NaN,NaN,NaN,0.27,NaN,NaN,NaN,8.61,NaN,15.4
2016,8,24,15:15:00,36.958,-122.017,0,Santa Cruz Wharf,NaN,NaN,2.82,4.15,4.2,4.1,250,NaN,0.09,NaN,1.29,NaN,NaN,NaN,NaN,0.48,NaN,NaN,NaN,8.97,NaN,15
2016,9,1,15:20:00,36.958,-122.017,0,Santa Cruz Wharf,NaN,NaN,0.33,4.98,4.99,4.98,250,NaN,0.22,NaN,NaN,NaN,NaN,NaN,NaN,NaN,NaN,NaN,NaN,NaN,NaN,17.1
2016,9,7,15:20:00,36.958,-122.017,0,Santa Cruz Wharf,NaN,NaN,3.85,4.41,4.15,4.68,250,NaN,0.37,NaN,0.98,NaN,NaN,NaN,NaN,0.44,NaN,NaN,NaN,11,NaN,16.3
2016,9,14,15:05:00,36.958,-122.017,0,Santa Cruz Wharf,NaN,NaN,0.46,44.34,43.94,44.74,250,NaN,0.95,NaN,0,NaN,NaN,NaN,NaN,0.86,NaN,NaN,NaN,14.13,NaN,14
2016,9,21,15:00:00,36.958,-122.017,0,Santa Cruz Wharf,NaN,NaN,2.99,6.47,6.28,6.66,250,NaN,0.03,NaN,0.58,NaN,NaN,NaN,NaN,0.51,NaN,NaN,NaN,14.44,NaN,16.4
2016,9,28,15:25:00,36.958,-122.017,0,Santa Cruz Wharf,NaN,NaN,1.3,14.9,13.7,16.11,250,NaN,0,NaN,0.24,NaN,NaN,NaN,NaN,0.62,NaN,NaN,NaN,17.07,NaN,15.3
2016,10,5,15:10:00,36.958,-122.017,0,Santa Cruz Wharf,NaN,NaN,0.94,21.13,21.35,20.9,250,NaN,0,NaN,0.07,NaN,NaN,NaN,NaN,0.74,NaN,NaN,NaN,19.8,NaN,13.5
2016,10,12,15:20:00,36.958,-122.017,0,Santa Cruz Wharf,NaN,NaN,0.13,137.55,132.15,142.95,250,NaN,0.01,NaN,0,NaN,NaN,NaN,NaN,1.51,NaN,NaN,NaN,21.93,NaN,14.2
2016,10,19,16:00:00,36.958,-122.017,0,Santa Cruz Wharf,NaN,NaN,0.46,51.2,50.3,52.11,250,NaN,0.02,NaN,0.03,NaN,NaN,NaN,NaN,1.02,NaN,NaN,NaN,12.11,NaN,14.8
2016,10,26,15:15:00,36.958,-122.017,0,Santa Cruz Wharf,NaN,NaN,0.45,24.48,24.58,24.39,250,NaN,0,NaN,0,NaN,NaN,NaN,NaN,0.59,NaN,NaN,NaN,13.14,NaN,14.5
2016,11,2,15:45:00,36.958,-122.017,0,Santa Cruz Wharf,NaN,NaN,1.19,45.83,48,43.65,250,NaN,0,NaN,NaN,NaN,NaN,NaN,NaN,NaN,NaN,NaN,NaN,NaN,NaN,15.3
2016,11,9,16:20:00,36.958,-122.017,0,Santa Cruz Wharf,NaN,NaN,1.36,8.75,9.25,8.25,250,NaN,NaN,NaN,1.14,NaN,NaN,NaN,NaN,0.93,NaN,NaN,NaN,11.72,NaN,15.7
2016,11,16,17:25:00,36.958,-122.017,0,Santa Cruz Wharf,NaN,NaN,7.25,4.3,4.53,4.06,250,NaN,0,NaN,4.65,NaN,NaN,NaN,NaN,0.92,NaN,NaN,NaN,14.36,NaN,14.9
2016,11,23,16:15:00,36.958,-122.017,0,Santa Cruz Wharf,NaN,NaN,2.73,3.36,3.42,3.31,250,NaN,0,NaN,8.24,NaN,NaN,NaN,NaN,0.86,NaN,NaN,NaN,14.87,NaN,12.5
2016,11,30,16:25:00,36.958,-122.017,0,Santa Cruz Wharf,NaN,NaN,3.58,1.98,1.95,2.01,250,NaN,0,NaN,5.92,NaN,NaN,NaN,NaN,0.92,NaN,NaN,NaN,13.55,NaN,12
2016,12,7,16:15:00,36.958,-122.017,0,Santa Cruz Wharf,NaN,NaN,3.3,1.61,1.53,1.7,250,NaN,0,NaN,7.99,NaN,NaN,NaN,NaN,0.99,NaN,NaN,NaN,16.44,NaN,11.6
2016,12,14,16:40:00,36.958,-122.017,0,Santa Cruz Wharf,NaN,NaN,2.47,7.99,8.03,7.96,250,NaN,0,NaN,6.93,NaN,NaN,NaN,NaN,0.74,NaN,NaN,NaN,28.95,NaN,12.1
2016,12,21,17:10:00,36.958,-122.017,0,Santa Cruz Wharf,NaN,NaN,4.04,1.77,1.78,1.76,250,NaN,NaN,NaN,7.99,NaN,NaN,NaN,NaN,1.02,NaN,NaN,NaN,26.27,NaN,11.7
2017,1,4,16:30:00,36.958,-122.017,0,Santa Cruz Wharf,NaN,NaN,2.33,3.63,3.84,3.42,250,NaN,NaN,NaN,8.2,NaN,NaN,NaN,NaN,1.25,NaN,NaN,NaN,54.74,NaN,11.2
2017,1,11,16:15:00,36.958,-122.017,0,Santa Cruz Wharf,NaN,NaN,1.29,11.98,13.05,10.92,250,NaN,0,NaN,10.1,NaN,NaN,NaN,NaN,0.97,NaN,NaN,NaN,36.86,NaN,11.8
2017,1,18,16:30:00,36.958,-122.017,0,Santa Cruz Wharf,NaN,NaN,2.19,1.87,1.83,1.9,250,NaN,0,NaN,7.18,NaN,NaN,NaN,NaN,0.9,NaN,NaN,NaN,18.11,NaN,11.3
2017,1,25,15:45:00,36.958,-122.017,0,Santa Cruz Wharf,NaN,NaN,NaN,1.04,0.98,1.1,250,NaN,0,NaN,11.44,NaN,NaN,NaN,NaN,0.92,NaN,NaN,NaN,46.29,NaN,10.3
2017,2,1,15:45:00,36.958,-122.017,0,Santa Cruz Wharf,NaN,NaN,2.37,2.11,2.1,2.11,250,NaN,0,NaN,11.54,NaN,NaN,NaN,NaN,0.77,NaN,NaN,NaN,27.94,NaN,11.2
2017,2,8,15:45:00,36.958,-122.017,0,Santa Cruz Wharf,NaN,NaN,2.35,1.35,1.36,1.33,250,NaN,0,NaN,10.94,NaN,NaN,NaN,NaN,1.09,NaN,NaN,NaN,91.96,NaN,12.7
2017,2,15,15:40:00,36.958,-122.017,0,Santa Cruz Wharf,NaN,NaN,2.54,1.77,1.82,1.72,250,NaN,0,NaN,9.28,NaN,NaN,NaN,NaN,0.82,NaN,NaN,NaN,50,NaN,12.2
2017,2,22,15:45:00,36.958,-122.017,0,Santa Cruz Wharf,NaN,NaN,1.67,0.93,0.89,0.97,250,NaN,0,NaN,5.92,NaN,NaN,NaN,NaN,0.56,NaN,NaN,NaN,22.83,NaN,12.1
2017,3,1,15:45:00,36.958,-122.017,0,Santa Cruz Wharf,NaN,NaN,2.24,0.6,0.63,0.57,250,NaN,0,NaN,5.8,NaN,NaN,NaN,NaN,0.58,NaN,NaN,NaN,13.71,NaN,11.4
2017,3,8,15:45:00,36.958,-122.017,0,Santa Cruz Wharf,NaN,NaN,1.32,3.23,3.34,3.11,250,NaN,0,NaN,6.93,NaN,NaN,NaN,NaN,0.5,NaN,NaN,NaN,39.24,NaN,11.7
2017,3,15,14:45:00,36.958,-122.017,0,Santa Cruz Wharf,NaN,NaN,3.11,2.1,2.07,2.14,250,NaN,NaN,NaN,2.83,NaN,NaN,NaN,NaN,0.32,NaN,NaN,NaN,28.73,NaN,13.1
2017,3,22,15:45:00,36.958,-122.017,0,Santa Cruz Wharf,NaN,NaN,1.83,3.1,2.86,3.34,250,NaN,0,NaN,2.66,NaN,NaN,NaN,NaN,0.38,NaN,NaN,NaN,30.96,NaN,13
2017,3,29,15:15:00,36.958,-122.017,0,Santa Cruz Wharf,NaN,NaN,1.16,3.37,3.26,3.47,250,NaN,0.01,NaN,1.57,NaN,NaN,NaN,NaN,0.22,NaN,NaN,NaN,9.08,NaN,14.7
2017,4,5,15:30:00,36.958,-122.017,0,Santa Cruz Wharf,NaN,NaN,1.38,3.39,3.58,3.19,250,NaN,0.02,NaN,3.94,NaN,NaN,NaN,NaN,0.31,NaN,NaN,NaN,16.04,NaN,13.3
2017,4,12,15:45:00,36.958,-122.017,0,Santa Cruz Wharf,NaN,NaN,3.27,3.19,3.12,3.25,250,NaN,0.01,NaN,10.54,NaN,NaN,NaN,NaN,0.8,NaN,NaN,NaN,28.98,NaN,11.8
2017,4,19,15:45:00,36.958,-122.017,0,Santa Cruz Wharf,NaN,NaN,3.82,7.08,6.83,7.33,250,NaN,0.34,NaN,5,NaN,NaN,NaN,NaN,0.69,NaN,NaN,NaN,13.3,NaN,12.5
2017,4,26,15:45:00,36.958,-122.017,0,Santa Cruz Wharf,NaN,NaN,3.17,6.66,6.73,6.59,250,NaN,0,NaN,12.21,NaN,NaN,NaN,NaN,0.96,NaN,NaN,NaN,42.86,NaN,11.7
2017,5,3,15:45:00,36.958,-122.017,0,Santa Cruz Wharf,NaN,NaN,2.92,3.38,3.37,3.39,250,NaN,0,NaN,4.65,NaN,NaN,NaN,NaN,0.52,NaN,NaN,NaN,41.02,NaN,13.9
2017,5,10,15:45:00,36.958,-122.017,0,Santa Cruz Wharf,NaN,730,2.3,7.07,7.26,6.88,250,NaN,0,NaN,10.39,NaN,NaN,NaN,NaN,4.28,NaN,NaN,3500,26.49,NaN,12.3
2017,5,17,15:45:00,36.958,-122.017,0,Santa Cruz Wharf,NaN,880,4.2,3.86,4.03,3.69,250,667,0.09,NaN,10.05,NaN,NaN,NaN,NaN,0.84,NaN,NaN,34500,19.37,NaN,12.4
2017,5,24,16:00:00,36.958,-122.017,0,Santa Cruz Wharf,NaN,1330,1.95,9.6,9.45,9.75,250,3250,0.07,NaN,1.75,NaN,NaN,NaN,NaN,0.88,NaN,NaN,80750,11.07,NaN,13.1
2017,5,31,16:10:00,36.958,-122.017,0,Santa Cruz Wharf,NaN,260,1.41,3.43,3.5,3.36,250,NaN,0.73,NaN,0.75,NaN,NaN,NaN,NaN,0.49,NaN,NaN,48500,22.31,NaN,14.9
2017,6,7,16:10:00,36.958,-122.017,0,Santa Cruz Wharf,NaN,160,1.82,7.25,7.32,7.19,250,NaN,0.62,NaN,3.17,NaN,NaN,NaN,NaN,0.62,NaN,NaN,79950,16.49,NaN,14.4
2017,6,14,15:20:00,36.958,-122.017,0,Santa Cruz Wharf,NaN,890,1.86,11.12,11.56,10.69,250,1790,1.16,NaN,2.85,NaN,NaN,NaN,NaN,0.3,NaN,NaN,123400,11.79,NaN,13.3
2017,6,21,15:45:00,36.958,-122.017,0,Santa Cruz Wharf,NaN,40,11.18,4.07,4.19,3.96,250,NaN,0.55,NaN,4.19,NaN,NaN,NaN,NaN,0.86,NaN,NaN,15150,11.08,NaN,14.7
2017,6,28,16:30:00,36.958,-122.017,0,Santa Cruz Wharf,NaN,50,2.26,4.35,4.3,4.4,250,1710,0.32,NaN,0.8,NaN,NaN,NaN,NaN,0.14,NaN,NaN,5000,3.18,NaN,15.8
2017,7,5,16:30:00,36.958,-122.017,0,Santa Cruz Wharf,NaN,0,6,3.12,3.33,2.92,250,290,NaN,NaN,6.69,NaN,NaN,NaN,NaN,0.84,NaN,NaN,250,20.87,NaN,15.1
2017,7,12,15:45:00,36.958,-122.017,0,Santa Cruz Wharf,NaN,90,2.79,5.74,5.66,5.82,250,180,NaN,NaN,0.78,NaN,NaN,NaN,NaN,0.24,NaN,NaN,3050,3.62,NaN,14.7
2017,7,19,16:15:00,36.958,-122.017,0,Santa Cruz Wharf,NaN,180,7.24,4.7,4.7,4.69,250,710,NaN,NaN,2.29,NaN,NaN,NaN,NaN,0.71,NaN,NaN,0,13.54,NaN,15.4
2017,7,26,15:45:00,36.958,-122.017,0,Santa Cruz Wharf,NaN,730,8.04,8.05,7.68,8.41,250,460,NaN,NaN,4.32,NaN,NaN,NaN,NaN,1.11,NaN,NaN,0,12.4,NaN,14.4
2017,8,2,16:15:00,36.958,-122.017,0,Santa Cruz Wharf,NaN,2170,6,16.11,16.65,15.57,250,4590,0,NaN,4.06,NaN,NaN,NaN,NaN,1.67,NaN,NaN,0,13.25,NaN,15.8
2017,8,9,16:00:00,36.958,-122.017,0,Santa Cruz Wharf,NaN,140,3.37,9.78,9.75,9.8,250,1980,0,NaN,1.58,NaN,NaN,NaN,NaN,0.43,NaN,NaN,0,8.58,NaN,17.5
2017,8,16,16:00:00,36.958,-122.017,0,Santa Cruz Wharf,NaN,270,6.03,5.11,5.04,5.18,250,680,0,NaN,3.36,NaN,NaN,NaN,NaN,0.66,NaN,NaN,0,16.61,NaN,16
2017,8,23,16:00:00,36.958,-122.017,0,Santa Cruz Wharf,NaN,3110,4.02,3.25,3.36,3.13,250,240,0,NaN,2.54,NaN,NaN,NaN,NaN,0.43,NaN,NaN,100,16.28,NaN,16.1
2017,8,30,16:00:00,36.958,-122.017,0,Santa Cruz Wharf,NaN,100,6.08,2.5,2.56,2.44,250,460,0,NaN,2.37,NaN,NaN,NaN,NaN,0.81,NaN,NaN,0,18.59,NaN,17.3
2017,9,6,15:45:00,36.958,-122.017,0,Santa Cruz Wharf,NaN,1300,0.08,72.19,71.84,72.54,150,1350,0,NaN,6.79,NaN,NaN,NaN,NaN,1.08,NaN,NaN,0,21.18,NaN,14.5
2017,9,13,16:00:00,36.958,-122.017,0,Santa Cruz Wharf,NaN,90,4.27,24.45,25.15,23.75,250,11600,0,NaN,0.67,NaN,NaN,NaN,NaN,0.5,NaN,NaN,0,13.02,NaN,17.8
2017,9,20,17:45:00,36.958,-122.017,0,Santa Cruz Wharf,NaN,480,4.71,14.14,14.69,13.59,250,2053,0,NaN,1.43,NaN,NaN,NaN,NaN,0.6,NaN,NaN,0,15.19,NaN,17.9
2017,9,27,16:15:00,36.958,-122.017,0,Santa Cruz Wharf,NaN,830,2.73,5.75,5.23,6.26,250,460,0,NaN,0.96,NaN,NaN,NaN,NaN,0.77,NaN,NaN,0,13.78,NaN,16.9
2017,10,4,15:00:00,36.958,-122.017,0,Santa Cruz Wharf,NaN,210,1.97,6.53,6.18,6.89,250,850,0,NaN,0.63,NaN,NaN,NaN,NaN,0.52,NaN,NaN,0,15.57,NaN,14.7
2017,10,11,15:30:00,36.958,-122.017,0,Santa Cruz Wharf,NaN,0,0.67,9.96,9.05,10.87,250,NaN,0,NaN,0.05,NaN,NaN,NaN,NaN,0.47,NaN,NaN,0,22.22,NaN,14.7
2017,10,18,15:15:00,36.958,-122.017,0,Santa Cruz Wharf,NaN,0,0.89,18.96,18.96,18.96,250,280,0,NaN,0.17,NaN,NaN,NaN,NaN,0.88,NaN,NaN,0,23.78,NaN,13.1
2017,10,25,15:30:00,36.958,-122.017,0,Santa Cruz Wharf,NaN,0,0.97,15.76,15.76,15.76,250,NaN,0,NaN,0.44,NaN,NaN,NaN,NaN,0.5,NaN,NaN,0,22.03,NaN,14.3
2017,11,1,15:30:00,36.958,-122.017,0,Santa Cruz Wharf,NaN,80,0.86,44.72,47.4,42.03,250,2520,0,NaN,0,NaN,NaN,NaN,NaN,0.71,NaN,NaN,0,23.25,NaN,13.4
2017,11,8,16:15:00,36.958,-122.017,0,Santa Cruz Wharf,NaN,106.667,1.07,45.17,46.99,43.34,250,266.667,0,NaN,0.09,NaN,NaN,NaN,NaN,1.02,NaN,NaN,0,21.54,NaN,13.6
2017,11,15,16:45:00,36.958,-122.017,0,Santa Cruz Wharf,NaN,20,1.87,19.32,19.32,19.32,250,NaN,0,NaN,0.07,NaN,NaN,NaN,NaN,0.59,NaN,NaN,0,19.59,NaN,14.1
2017,11,22,16:40:00,36.958,-122.017,0,Santa Cruz Wharf,NaN,140,0.83,20.43,21.5,19.36,250,110,0,NaN,0.25,NaN,NaN,NaN,NaN,0.36,NaN,NaN,0,15.74,NaN,15.4
2017,11,29,16:00:00,36.958,-122.017,0,Santa Cruz Wharf,NaN,0,5.69,3.33,2.98,3.69,250,NaN,0,NaN,4.49,NaN,NaN,NaN,NaN,1.05,NaN,NaN,0,11.22,NaN,13.6
2017,12,6,16:30:00,36.958,-122.017,0,Santa Cruz Wharf,NaN,0,3.68,2.28,2.39,2.16,250,NaN,0,NaN,6.75,NaN,NaN,NaN,NaN,0.96,NaN,NaN,0,15.27,NaN,12.1
2017,12,13,17:15:00,36.958,-122.017,0,Santa Cruz Wharf,NaN,0,3.72,2.35,2.4,2.3,250,NaN,0,NaN,3.69,NaN,NaN,NaN,NaN,0.78,NaN,NaN,0,13.22,NaN,12.1
2018,1,10,16:15:00,36.958,-122.017,0,Santa Cruz Wharf,NaN,53.3333,3.37,3.85,4.06,3.63,250,NaN,0,NaN,1.79,NaN,NaN,NaN,NaN,0.62,NaN,NaN,0,10.23,NaN,13.3
2018,1,17,16:30:00,36.958,-122.017,0,Santa Cruz Wharf,NaN,220,1.45,11.24,11.08,11.39,250,NaN,0,NaN,NaN,NaN,NaN,NaN,NaN,NaN,NaN,NaN,0,NaN,NaN,14.1
2018,1,24,16:45:00,36.958,-122.017,0,Santa Cruz Wharf,NaN,70,3.59,1.09,1.15,1.03,250,10,0,NaN,NaN,NaN,NaN,NaN,NaN,NaN,NaN,NaN,0,NaN,NaN,12.8
2018,1,31,17:30:00,36.958,-122.017,0,Santa Cruz Wharf,NaN,70,4.17,2.42,2.56,2.29,250,80,0.23,NaN,NaN,NaN,NaN,NaN,NaN,NaN,NaN,NaN,0,NaN,NaN,13.5
2018,2,7,17:15:00,36.958,-122.017,0,Santa Cruz Wharf,NaN,4680,1.06,10.41,10.25,10.57,250,650,0.05,NaN,NaN,NaN,NaN,NaN,NaN,NaN,NaN,NaN,2950,NaN,NaN,13.7
2018,2,14,17:15:00,36.958,-122.017,0,Santa Cruz Wharf,NaN,1970,4.57,4.74,4.72,4.76,250,920,0,NaN,NaN,NaN,NaN,NaN,NaN,NaN,NaN,NaN,0,NaN,NaN,12.9
2018,2,21,17:15:00,36.958,-122.017,0,Santa Cruz Wharf,NaN,14,4.35,4.93,4.93,4.93,250,0,NaN,NaN,NaN,NaN,NaN,NaN,NaN,NaN,NaN,NaN,2200,NaN,NaN,11.7
2018,2,28,16:15:00,36.958,-122.017,0,Santa Cruz Wharf,NaN,50,2.55,6.47,6.3,6.65,250,NaN,0.16,NaN,NaN,NaN,NaN,NaN,NaN,NaN,NaN,NaN,39600,NaN,NaN,11.7
2018,3,7,17:45:00,36.958,-122.017,0,Santa Cruz Wharf,NaN,140,5.07,3.2,3.17,3.23,250,220,0.01,NaN,NaN,NaN,NaN,NaN,NaN,NaN,NaN,NaN,0,NaN,NaN,11.8
2018,3,14,16:15:00,36.958,-122.017,0,Santa Cruz Wharf,NaN,920,4.75,4.07,4.18,3.96,250,820,0.01,NaN,NaN,NaN,NaN,NaN,NaN,NaN,NaN,NaN,0,NaN,NaN,12.7
2018,3,21,16:45:00,36.958,-122.017,0,Santa Cruz Wharf,NaN,660,2.6,13.57,15.02,12.12,250,NaN,0,NaN,NaN,NaN,NaN,NaN,NaN,NaN,NaN,NaN,0,NaN,NaN,13
2018,3,28,17:20:00,36.958,-122.017,0,Santa Cruz Wharf,NaN,20,4.16,3.57,3.63,3.52,250,934,0.01,NaN,NaN,NaN,NaN,NaN,NaN,NaN,NaN,NaN,600,NaN,NaN,14.7
2018,4,3,16:30:00,36.958,-122.017,0,Santa Cruz Wharf,NaN,0,17.97,2.09,2.32,1.86,250,NaN,0.03,NaN,NaN,NaN,NaN,NaN,NaN,NaN,NaN,NaN,0,NaN,NaN,16.2
2018,4,11,16:15:00,36.958,-122.017,0,Santa Cruz Wharf,NaN,0,5.24,4.35,4.14,4.55,250,100,0.1,NaN,NaN,NaN,NaN,NaN,NaN,NaN,NaN,NaN,800,NaN,NaN,13.8
2018,4,18,16:30:00,36.958,-122.017,0,Santa Cruz Wharf,NaN,10,NaN,8.26,8.23,8.3,250,20,0.08,NaN,NaN,NaN,NaN,NaN,NaN,NaN,NaN,NaN,2300,NaN,NaN,11.9
2018,4,25,16:45:00,36.958,-122.017,0,Santa Cruz Wharf,NaN,780,NaN,9.1,9.28,8.91,250,760,0,NaN,NaN,NaN,NaN,NaN,NaN,NaN,NaN,NaN,4400,NaN,NaN,13.5
2018,5,2,16:00:00,36.958,-122.017,0,Santa Cruz Wharf,NaN,810,NaN,4.95,4.98,4.91,250,NaN,0.09,NaN,NaN,NaN,NaN,NaN,NaN,NaN,NaN,NaN,1600,NaN,NaN,13.7
2018,5,9,16:45:00,36.958,-122.017,0,Santa Cruz Wharf,NaN,200,NaN,22.95,23.21,22.69,250,700,0,NaN,NaN,NaN,NaN,NaN,NaN,NaN,NaN,NaN,2650,NaN,NaN,15.5
2018,5,16,16:30:00,36.958,-122.017,0,Santa Cruz Wharf,NaN,340,NaN,8.07,8.39,7.75,250,200,0,NaN,NaN,NaN,NaN,NaN,NaN,NaN,NaN,NaN,5750,NaN,NaN,13
2018,5,23,16:45:00,36.958,-122.017,0,Santa Cruz Wharf,NaN,370,NaN,4.4,4.44,4.36,250,NaN,0.03,NaN,NaN,NaN,NaN,NaN,NaN,NaN,NaN,NaN,1400,NaN,NaN,14.1
2018,5,30,17:15:00,36.958,-122.017,0,Santa Cruz Wharf,NaN,330,NaN,8.47,8.14,8.8,250,NaN,0.07,NaN,NaN,NaN,NaN,NaN,NaN,NaN,NaN,NaN,2450,NaN,NaN,16.5
2018,6,6,16:30:00,36.958,-122.017,0,Santa Cruz Wharf,NaN,60,NaN,5.33,5.71,4.95,250,160,0.52,NaN,NaN,NaN,NaN,NaN,NaN,NaN,NaN,NaN,650,NaN,NaN,16.1
2018,6,13,16:30:00,36.958,-122.017,0,Santa Cruz Wharf,NaN,40,NaN,8.52,8.37,8.66,250,NaN,NaN,NaN,NaN,NaN,NaN,NaN,NaN,NaN,NaN,NaN,0,NaN,NaN,15.7
2018,6,20,16:30:00,36.958,-122.017,0,Santa Cruz Wharf,NaN,0,NaN,4.86,5.01,4.71,250,350,NaN,NaN,NaN,NaN,NaN,NaN,NaN,NaN,NaN,NaN,0,NaN,NaN,15.7
2018,6,28,17:45:00,36.958,-122.017,0,Santa Cruz Wharf,NaN,0,NaN,3.37,3.29,3.44,250,NaN,NaN,NaN,NaN,NaN,NaN,NaN,NaN,NaN,NaN,NaN,0,NaN,NaN,16.7
2018,7,5,15:45:00,36.958,-122.017,0,Santa Cruz Wharf,NaN,70,NaN,6.11,6.54,5.68,250,5200,NaN,NaN,NaN,NaN,NaN,NaN,NaN,NaN,NaN,NaN,0,NaN,NaN,15.7
2018,7,11,16:00:00,36.958,-122.017,0,Santa Cruz Wharf,NaN,80,NaN,5.58,5.87,5.29,250,5600,NaN,NaN,NaN,NaN,NaN,NaN,NaN,NaN,NaN,NaN,2100,NaN,NaN,18